symbol,name,sector,bse_security_code,bse_industry,risk,return,beta,debtToEquity,grossMargins,ebitdaMargins,operatingMargins
ASIANPAINT.BO,Asian Paints Limited,Basic Materials,500820,Consumer Durables,0.07044825733801323,0.01923428419173264,0.253,13.545,0.41291,0.20191,0.1778
ULTRACEMCO.BO,UltraTech Cement Limited,Basic Materials,532538,Construction Materials,0.0760113284142487,0.018012470645194727,0.395,20.389,0.55395,0.16315001,0.10948
JSWSTEEL.BO,JSW Steel Limited,Basic Materials,500228,Metals & Mining,0.1064295518530686,0.027030508787191477,0.994,108.609,0.4121,0.1684,0.13159001
TATASTEEL.BO,Tata Steel Limited,Basic Materials,500470,Metals & Mining,0.12000956441536285,0.02702988188352758,1.226,98.811,0.49576,0.07667,0.03211
HINDZINC.BO,Hindustan Zinc Limited,Basic Materials,500188,Metals & Mining,0.07639715741449914,0.013824160771935544,0.689,89.176,0.698,0.48293,0.3496
PIDILITIND.BO,Pidilite Industries Limited,Basic Materials,500331,Chemicals,0.06715208466465244,0.021492030784217044,0.19,5.368,0.46787,0.19264999,0.19652
GRASIM.BO,Grasim Industries Limited,Basic Materials,500300,Construction Materials,0.09429704611101948,0.01981717159978432,0.474,93.151,0.56649,0.18635,0.15908
HINDALCO.BO,Hindalco Industries Limited,Basic Materials,500440,Metals & Mining,0.12775975958857025,0.02199308100020665,1.311,64.833,0.2909,0.09486,0.069970004
AMBUJACEM.BO,Ambuja Cements Limited,Basic Materials,500425,Construction Materials,0.08722449673275992,0.014208655286060351,0.039,1.849,0.56845003,0.16099001,0.12405
VEDL.BO,Vedanta Limited,Basic Materials,500295,Metals & Mining,0.13712941609800677,0.01380273213664705,1.358,178.783,0.48132,0.24854,0.22926001
SHREECEM.BO,Shree Cement Limited,Basic Materials,500387,Construction Materials,0.07966638151622722,0.019177324183781853,0.316,10.262,0.56575,0.17518,0.09882
JINDALSTEL.BO,Jindal Steel & Power Limited,Basic Materials,532286,Metals & Mining,0.16038879489920552,0.02183465256620821,1.211,32.2,0.53154,0.18183,0.1373
BERGEPAINT.BO,Berger Paints India Limited,Basic Materials,509480,Consumer Durables,0.07557450153085668,0.022523347071159227,0.264,23.792,0.37675998,0.15536,0.14121
SRF.BO,SRF Limited,Basic Materials,503806,Chemicals,0.1333090891934925,0.045278574078750765,0.508,45.855,0.48417,0.221,0.15236
PIIND.BO,PI Industries Limited,Basic Materials,523642,Chemicals,0.08793082476902421,0.026590477419949868,0.585,2.266,0.46305,0.24336,0.22253999
UPL.BO,UPL Limited,Basic Materials,512070,Chemicals,0.10418107314791891,0.019201100685537837,0.958,102.051,0.47358,0.16118,0.090270005
APLAPOLLO.BO,APL Apollo Tubes Limited,Basic Materials,533758,Capital Goods,0.11715316586669827,0.05088392367690532,0.748,35.864,0.13758999,0.06838,0.06126
LINDEINDIA.BO,Linde India Limited,Basic Materials,523457,Chemicals,0.12890511195148982,0.03297809206998145,0.026,0.665,0.43980998,0.24861999,0.17413999
SAIL.BO,Steel Authority of India Limited,Basic Materials,500113,Metals & Mining,0.14882758245958058,0.015433242427734344,1.556,54.828,0.44833001,0.10406999,0.08578
DALBHARAT.BO,Dalmia Bharat Limited,Basic Materials,542216,Construction Materials,0.11355455324451597,0.020716705916323942,0.618,33.507,0.57300997,0.19217,0.059699997
SOLARINDS.BO,Solar Industries India Limited,Basic Materials,532725,Chemicals,0.09638728567761017,0.036146802204305696,-0.145,35.536,0.40779,0.21566,0.22448
ACC.BO,ACC Limited,Basic Materials,500410,Construction Materials,0.08123599094555721,0.010295406395589058,0.314,2.745,0.47811002,0.11132,0.07587
JSL.BO,Jindal Stainless Limited,Basic Materials,532508,Metals & Mining,0.1875849439124213,0.04130463670910381,0.877,43.082,0.30159,0.11507,0.10295
NMDC.BO,NMDC Limited,Basic Materials,526371,Metals & Mining,0.1081119441131238,0.01083809589672664,0.996,8.748,0.52989,0.34179002,0.27445
FLUOROCHEM.BO,Gujarat Fluorochemicals Limited,Basic Materials,542812,Chemicals,0.1662486911058205,0.055009234872237835,0.469,28.94,0.50844,0.29523,0.0864
COROMANDEL.BO,Coromandel International Limited,Basic Materials,506395,Chemicals,0.085598411828185,0.01959113890159248,0.298,4.798,0.22922,0.11632,0.14378001
KANSAINER.BO,Kansai Nerolac Paints Limited,Basic Materials,500165,Consumer Durables,0.09054521891467274,0.014725817887835316,0.257,6.06,0.33214,0.122150004,0.115430005
TATACHEM.BO,Tata Chemicals Limited,Basic Materials,500770,Chemicals,0.11474362460608141,0.02076049456291593,0.933,27.152,0.60627997,0.22849001,0.14632
JKCEMENT.BO,J.K. Cement Limited,Basic Materials,532644,Construction Materials,0.11616744558001754,0.03335339389536867,0.625,110.975,0.55904996,0.13509,0.11984
NAVINFLUOR.BO,Navin Fluorine International Limited,Basic Materials,532504,Chemicals,0.12001331422103959,0.045598090493875504,0.252,55.55,0.57312,0.26038,0.15704
BAYERCROP.BO,Bayer CropScience Limited,Basic Materials,506285,Chemicals,0.08621877939351329,0.014242114186234354,0.382,2.037,0.42401,0.18253,0.18135999
SUMICHEM.BO,Sumitomo Chemical India Limited,Basic Materials,542920,Chemicals,0.09394200787512531,0.014465152164264224,0.484,1.151,0.33800998,0.14843,0.19056
RAMCOCEM.BO,The Ramco Cements Limited,Basic Materials,500260,Construction Materials,0.08552616382131857,0.01948589886293772,0.267,71.937,0.51057,0.15804,0.10375
ATUL.BO,Atul Ltd,Basic Materials,500027,Chemicals,0.09499806298540583,0.028394782935753045,0.344,3.265,0.44664,0.13609,0.08478
VINATIORGA.BO,Vinati Organics Limited,Basic Materials,524200,Chemicals,0.10883979317004935,0.029116397881473795,0.186,0.009,0.49055,0.28109,0.24398
RATNAMANI.BO,Ratnamani Metals & Tubes Limited,Basic Materials,520111,Capital Goods,0.12185080602431506,0.03789563994775769,0.598,6.125,0.35718,0.19358,0.19559999
NATIONALUM.BO,National Aluminium Company Limited,Basic Materials,532234,Metals & Mining,0.11316880016841076,0.018738756112890536,0.856,0.711,0.48334,0.16865,0.069120005
AARTIIND.BO,Aarti Industries Limited,Basic Materials,524208,Chemicals,0.11139361875098468,0.034818861581445266,0.667,63.757,0.38664,0.15619999,0.09696999
HINDCOPPER.BO,Hindustan Copper Limited,Basic Materials,513599,Metals & Mining,0.19178201511635443,0.02326807994033439,1.541,13.295,0.92412,0.30528998,0.22737
CLEAN.BO,Clean Science and Technology Limited,Basic Materials,543318,Chemicals,0.11031573700980749,0.004557533605730032,-0.228,0.286,0.67872,0.44189,0.35173
LLOYDSME.BO,Lloyds Metals and Energy Limited,Basic Materials,512455,Metals & Mining,0.09233690357380624,0.03467316874201906,0.136,0.863,0.69518995,0.25821,0.27126
AETHER.BO,Aether Industries Limited,Basic Materials,543534,Chemicals,0.0849068435767778,0.0074692190728190356,,0.834,0.52588004,0.29229,0.22071
FINEORG.BO,Fine Organic Industries Limited,Basic Materials,541557,Chemicals,0.08700701586307312,0.026554071369612398,-0.046,0.793,0.40552,0.25952,0.21582001
CENTURYPLY.BO,Century Plyboards (India) Limited,Basic Materials,532548,Consumer Durables,0.13832103195146062,0.03873309618735492,0.508,23.355,0.47089002,0.15824,0.121309996
DCMSHRIRAM.BO,DCM Shriram Limited,Basic Materials,523367,Diversified,0.14142242784919848,0.034675185910928844,0.458,24.731,0.29471,0.101210006,0.01481
KIOCL.BO,KIOCL Limited,Basic Materials,540680,Metals & Mining,0.19118701240514122,0.02558124740060207,0.998,9.189,0.06341,-0.043959998,-0.061290003
AKZOINDIA.BO,Akzo Nobel India Limited,Basic Materials,500710,Consumer Durables,0.06602287113683801,0.013481710236662057,0.16,4.693,0.41403,0.15029,0.12622
NUVOCO.BO,Nuvoco Vistas Corporation Limited,Basic Materials,543334,Construction Materials,0.08850684480560841,-0.010030822606451231,0.01,57.866,0.57633996,0.11602,0.04054
ALKYLAMINE.BO,Alkyl Amines Chemicals Limited,Basic Materials,506767,Chemicals,0.13669400155691128,0.043543926812529984,0.618,7.828,0.45305002,0.17467,0.10152
SHYAMMETL.BO,Shyam Metalics and Energy Limited,Basic Materials,543299,Metals & Mining,0.09488579513496162,0.010541634654419076,0.161,23.291,0.27305,0.11218,0.0444
CENTURYTEX.BO,Century Textiles and Industries Limited,Basic Materials,500040,Forest Materials,0.1349729631854122,0.022072923062454324,0.349,57.812,0.41492,0.07988,-0.023
CHAMBLFERT.BO,Chambal Fertilisers and Chemicals Limited,Basic Materials,500085,Chemicals,0.10356626919773658,0.025224636645116212,0.771,29.949,0.3307,0.0922,0.099630006
BASF.BO,BASF India Limited,Basic Materials,500042,Chemicals,0.10590469038592702,0.01944562086034779,0.15,4.211,0.15409,0.04853,0.050300002
ANURAS.BO,Anupam Rasayan India Ltd,Basic Materials,543275,Chemicals,0.13322623377001996,0.023988679565122014,0.295,43.106,0.54813,0.26095,0.22346
DEEPAKNI.BO,Deepak Nitrite Limited,Basic Materials,506401,Chemicals,0.12971251499104391,0.04672674210976976,,,,,
GALAXYSURF.BO,Galaxy Surfactants Limited,Basic Materials,540935,Chemicals,0.08170799565909505,0.012604842477855824,0.479,11.962,0.31059998,0.13231,0.10195
BIRLACORPN.BO,Birla Corporation Limited,Basic Materials,500335,Construction Materials,0.1291910804072342,0.023781620350827096,0.253,65.229,0.84471,0.10809,0.0636
WELCORP.BO,Welspun Corp Limited,Basic Materials,532144,Capital Goods,0.15772833345068124,0.033122423005707786,0.692,38.673,0.30095,0.09869,0.077309996
GNFC.BO,Gujarat Narmada Valley Fertilizers & Chemicals Limited,Basic Materials,500670,Chemicals,0.16015288802067915,0.03230366372710566,0.29,1.959,0.26629,0.13854,0.04375
SPLPETRO.BO,Supreme Petrochem Limited,Basic Materials,500405,Chemicals,0.13451452105560865,0.03466165279988046,0.318,4.27,0.16833,0.10333,0.07201
INDIACEM.BO,The India Cements Limited,Basic Materials,530005,Construction Materials,0.12984200624342318,0.021718839209561226,-0.148,50.057,0.35946998,-0.019270001,-0.04
PRINCEPIPE.BO,Prince Pipes and Fittings Limited,Basic Materials,542907,Capital Goods,0.1691644357237555,0.04226393977520268,1.011,4.07,0.28151,0.13252,0.109139994
JKLAKSHMI.BO,JK Lakshmi Cement Limited,Basic Materials,500380,Construction Materials,0.1306480210254966,0.03027601357025849,0.526,65.805,0.48314,0.12159,0.102010004
INDIGOPNTS.BO,Indigo Paints Limited,Basic Materials,543258,Consumer Durables,0.09111748496031721,-0.010601403649960962,0.375,2.102,0.46113,0.17381,0.110530004
BALAMINES.BO,Balaji Amines Limited,Basic Materials,530999,Chemicals,0.16071099964954486,0.04696358474787082,1.063,2.484,0.42488,0.19868,0.11301
LXCHEM.BO,Laxmi Organic Industries Limited,Basic Materials,543277,Chemicals,0.16485379249008428,0.020589866266129533,0.116,11.494,0.32185,0.08587,0.01745
CHEMPLASTS.BO,Chemplast Sanmar Limited,Basic Materials,543336,Chemicals,0.13091810422056424,-0.0018317685967312745,0.075,70.6,0.32705003,0.05804,0.01075
DEEPAKFERT.BO,Deepak Fertilisers And Petrochemicals Corporation Limited,Basic Materials,500645,Chemicals,0.13677398150011,0.02500282098190787,0.19,77.969,0.27326,0.14854999,0.08452
MIDHANI.BO,Mishra Dhatu Nigam Limited,Basic Materials,541195,Capital Goods,0.12299212395138372,0.022574832564147215,0.176,37.766,0.68179,0.24554001,0.09611
PRSMJOHNSN.BO,Prism Johnson Limited,Basic Materials,500338,Construction Materials,0.1350525181141608,0.02631820351480933,0.785,87.605,0.40807998,0.05664,-0.0015
STARCEMENT.BO,Star Cement Limited,Basic Materials,540575,Construction Materials,0.07406361655441047,0.007256616336918446,0.251,1.253,0.53095,0.17865999,0.10687
ACI.BO,Archean Chemical Industries Limited,Basic Materials,543657,Chemicals,0.1296155930232575,0.022905801130786396,,4.11,0.97564006,0.41729,0.26838
RCF.BO,Rashtriya Chemicals and Fertilizers Limited,Basic Materials,524230,Chemicals,0.13332889300191272,0.023391506904181132,0.831,48.82,0.113079995,0.04553,0.01199
GSFC.BO,Gujarat State Fertilizers & Chemicals Limited,Basic Materials,500690,Chemicals,0.14516606562776826,0.024887152008820725,0.602,0.019,0.23712,0.09747,0.06143
PCBL.BO,PCBL Limited,Basic Materials,506590,Chemicals,0.149346427952168,0.04026564844163486,0.828,37.459,0.26672,0.13625,0.12772
JKPAPER.BO,JK Paper Limited,Basic Materials,532162,Forest Materials,0.12270831301546453,0.02929884495430315,0.5,52.294,0.52803004,0.31087,0.23184
RAIN.BO,Rain Industries Limited,Basic Materials,500339,Chemicals,0.15530647165236708,0.024041886825283874,1.003,105.535,0.39795,0.107030004,0.021540001
GUJALKALI.BO,Gujarat Alkalies and Chemicals Limited,Basic Materials,530001,Chemicals,0.13752820039965075,0.02084189930970421,0.382,8.916,0.3298,0.15384,-0.05148
ROSSARI.BO,Rossari Biotech Limited,Basic Materials,543213,Chemicals,0.09072350362803065,0.006517535988053383,0.171,13.453,0.29215,0.13067001,0.10022
RALLIS.BO,Rallis India Limited,Basic Materials,500355,Chemicals,0.09451928874211638,0.008307195340471729,0.43,7.065,0.35823002,0.09377,0.12861
HEIDELBERG.BO,HeidelbergCement India Limited,Basic Materials,500292,Construction Materials,0.09474135588443285,0.021406519920154708,0.382,14.038,0.81738997,0.11663,0.07517
PRIVISCL.BO,Privi Speciality Chemicals Limited,Basic Materials,530117,Chemicals,0.14863342717231898,0.03929798304920148,0.003,121.506,0.29700002,0.13047,0.12876001
NOCIL.BO,NOCIL Limited,Basic Materials,500730,Chemicals,0.1250417756873622,0.03340128364128617,0.437,0.483,0.41472998,0.12363,0.09182999
POLYPLEX.BO,Polyplex Corporation Limited,Basic Materials,524051,Capital Goods,0.11864411984788238,0.024899660959451175,0.748,10.889,0.33852002,0.08565,0.02894
MARUTI.BO,Maruti Suzuki India Limited,Consumer Cyclical,532500,Automobile and Auto Components,0.08314490459561981,0.01932027766998588,0.472,0.597,0.27086002,0.10797,0.10832
TITAN.BO,Titan Company Limited,Consumer Cyclical,500114,Consumer Durables,0.0872520975185997,0.027681569924873844,0.482,114.352,0.233,0.101280004,0.10113
TATAMTRDVR.BO,Tata Motors Limited,Consumer Cyclical,570001,Automobile and Auto Components,0.1487841932806869,0.01924583154367099,1.823,210.024,0.42139998,0.10138,0.08293
TATAMOTORS.BO,Tata Motors Limited,Consumer Cyclical,500570,Automobile and Auto Components,0.14300081050800525,0.01596936420792626,1.823,210.024,0.42139998,0.10138,0.08293
M&M.BO,Mahindra & Mahindra Limited,Consumer Cyclical,500520,Automobile and Auto Components,0.08951124718314309,0.01629221510743099,0.85,140.353,0.39498,0.16736999,0.14419
BAJAJ-AUTO.BO,Bajaj Auto Limited,Consumer Cyclical,532977,Automobile and Auto Components,0.07675746363673214,0.013978953152918772,0.853,,0.30297002,0.21159,0.21476999
EICHERMOT.BO,Eicher Motors Limited,Consumer Cyclical,505200,Automobile and Auto Components,0.08886336713654513,0.023902366145163705,0.455,2.612,0.42834,0.23875,0.22958
ZOMATO.BO,Zomato Limited,Consumer Cyclical,543320,Consumer Services,0.14081664437775282,0.0072531804582135085,0.133,2.64,0.61320996,-0.0883,-0.06145
TRENT.BO,Trent Limited,Consumer Cyclical,500251,Consumer Services,0.10510176180274429,0.035474463564326424,0.239,161.565,0.40941003,0.09912,0.10205
MOTHERSON.BO,Samvardhana Motherson International Limited,Consumer Cyclical,517334,Automobile and Auto Components,0.12270746592277848,0.01599498251958397,1.462,89.017,0.41414002,0.08132,0.04385
TVSMOTOR.BO,TVS Motor Company Limited,Consumer Cyclical,532343,Automobile and Auto Components,0.10086463734077054,0.03301803572596775,0.269,359.015,0.36244,0.12605,0.112629995
HEROMOTOCO.BO,Hero MotoCorp Limited,Consumer Cyclical,500182,Automobile and Auto Components,0.0820025064088265,0.010022789803118024,0.748,3.657,0.31051,0.13125,0.12299
TIINDIA.BO,Tube Investments of India Limited,Consumer Cyclical,540762,Automobile and Auto Components,0.12399740869985718,0.04492655936475024,0.595,35.01,0.31579,0.13203,0.1065
INDHOTEL.BO,The Indian Hotels Company Limited,Consumer Cyclical,500850,Consumer Services,0.10384750189905434,0.02263302716744948,0.366,30.275,0.61974996,0.3083,0.19667
BOSCHLTD.BO,Bosch Limited,Consumer Cyclical,500530,Automobile and Auto Components,0.08553321116935458,0.011159072134147689,0.597,0.397,0.3433,0.122489996,0.09443
SCHAEFFLER.BO,Schaeffler India Limited,Consumer Cyclical,505790,Automobile and Auto Components,0.07357065701411528,0.022508394834017263,0.046,1.251,0.38375,0.18582001,0.15332
PAGEIND.BO,Page Industries Limited,Consumer Cyclical,532827,Textiles,0.09305816678695929,0.020638498073050397,0.46,12.168,0.52709997,0.16683,0.18566
BALKRISIND.BO,Balkrishna Industries Limited,Consumer Cyclical,502355,Automobile and Auto Components,0.10516122719040609,0.02937895563856604,0.725,35.453,0.49063998,0.21087,0.16521999
BHARATFORG.BO,Bharat Forge Limited,Consumer Cyclical,500493,Capital Goods,0.1033650340152566,0.02251303847537401,1.025,106.843,0.50826,0.14365,0.1089
MRF.BO,MRF Limited,Consumer Cyclical,500290,Automobile and Auto Components,0.08330982336577922,0.018694261510671578,0.278,19.805,0.36551997,0.15159,0.12955
NYKAA.BO,FSN E-Commerce Ventures Limited,Consumer Cyclical,543384,Consumer Services,0.1316523841734486,-0.02013701556705476,0.196,68.509,0.43537,0.032420002,0.01725
UNOMINDA.BO,Uno Minda Limited,Consumer Cyclical,532539,Automobile and Auto Components,0.1605885112905764,0.05841025947076177,0.564,31.467,0.35832,0.110740006,0.06824
JUBLFOOD.BO,Jubilant FoodWorks Limited,Consumer Cyclical,533155,Consumer Services,0.10392655009836715,0.019708771119292173,0.288,124.941,0.5454,0.15864,0.098859996
SONACOMS.BO,Sona BLW Precision Forgings Limited,Consumer Cyclical,543300,Automobile and Auto Components,0.08885467195828163,0.011854294725917373,0.034,15.494,0.53254,0.26006,0.21154
MANYAVAR.BO,Vedant Fashions Limited,Consumer Cyclical,543463,Consumer Services,0.07861088061014888,0.01871952186953264,,27.489,0.72591,0.41008,0.27645
METROBRAND.BO,Metro Brands Limited,Consumer Cyclical,543426,Consumer Durables,0.09521148937559545,0.038130130553707585,,62.28,0.57798,0.24314,0.17673
MSUMI.BO,Motherson Sumi Wiring India Limited,Consumer Cyclical,543498,Automobile and Auto Components,0.06211480689427151,0.013369015537005913,,21.466,0.32706,0.10285,0.10099
SUNDRMFAST.BO,Sundram Fasteners Limited,Consumer Cyclical,500403,Automobile and Auto Components,0.10889420626875786,0.034427389992085736,0.658,18.33,0.55217,0.15373999,0.12397
ZFCVINDIA.BO,ZF Commercial Vehicle Control Systems India Limited,Consumer Cyclical,533023,Automobile and Auto Components,0.07620771325982596,0.020888904779903444,-0.069,2.464,0.36975,0.14019,0.11939
APOLLOTYRE.BO,Apollo Tyres Limited,Consumer Cyclical,500877,Automobile and Auto Components,0.10683594273103629,0.01812971023205488,0.874,42.616,0.40681,0.15195,0.12732
DEVYANI.BO,Devyani International Limited,Consumer Cyclical,543330,Consumer Services,0.08949534080240891,0.021263659581514972,-0.223,164.541,0.54854,0.1592,0.08309
RELAXO.BO,Relaxo Footwears Limited,Consumer Cyclical,530517,Consumer Durables,0.08684443106661051,0.027153720772854776,0.317,11.854,0.53565,0.12003,0.0763
ENDURANCE.BO,Endurance Technologies Limited,Consumer Cyclical,540153,Automobile and Auto Components,0.10057265714070693,0.01816900411210547,0.877,15.092,0.40355998,0.12303001,0.07855
EXIDEIND.BO,Exide Industries Limited,Consumer Cyclical,500086,Automobile and Auto Components,0.07252378336911401,0.012129235979050627,0.537,5.927,0.30701,0.10581,0.08181
KPRMILL.BO,K.P.R. Mill Limited,Consumer Cyclical,532889,Textiles,0.13246185393687554,0.047691793826789404,0.689,20.847,0.35206002,0.18818001,0.16679001
BATAINDIA.BO,Bata India Limited,Consumer Cyclical,500043,Consumer Durables,0.08309646683586304,0.014199633486428477,0.543,90.003,0.55956,0.16606002,0.12202
KALYANKJIL.BO,Kalyan Jewellers India Limited,Consumer Cyclical,543278,Consumer Durables,0.14064551834215144,0.061873479993314044,-0.076,113.632,0.14955,0.067779996,0.05589
ABFRL.BO,Aditya Birla Fashion and Retail Limited,Consumer Cyclical,535755,Consumer Services,0.12669157782349832,0.01630859100480479,0.179,292.392,0.5248,0.02434,-0.02029
WHIRLPOOL.BO,Whirlpool of India Limited,Consumer Cyclical,500238,Consumer Durables,0.09415167086164808,0.021346176841079083,0.485,4.169,0.31323,0.05019,0.01577
CROMPTON.BO,Crompton Greaves Consumer Electricals Limited,Consumer Cyclical,539876,Consumer Durables,0.08693123932091663,0.011632464395395238,0.363,32.006,0.31395,0.09944,0.0799
CIEINDIA.BO,CIE Automotive India Limited,Consumer Cyclical,532756,Automobile and Auto Components,0.14347237871646654,0.029028239261432394,0.649,15.412,0.45156,0.1595,0.12593001
TRIDENT.BO,Trident Limited,Consumer Cyclical,521064,Textiles,0.14984827790526653,0.047119384556216226,0.548,40.094,0.48966998,0.15100001,0.08270001
RAJESHEXPO.BO,Rajesh Exports Limited,Consumer Cyclical,531500,Consumer Durables,0.12833713007588532,0.0205157243595454,0.344,4.117,0.00503,0.00379,0.00139
JBMA.BO,JBM Auto Limited,Consumer Cyclical,532605,Automobile and Auto Components,0.2029017191981342,0.06546500775860958,0.796,189.844,0.29467,0.114300005,0.07997
WESTLIFE.BO,Westlife Foodworld Limited,Consumer Cyclical,505533,Consumer Services,0.09969978124958988,0.011552019978645212,0.336,224.559,0.53421,0.14569001,0.08854
BAJAJELEC.BO,Bajaj Electricals Limited,Consumer Cyclical,500031,Consumer Durables,0.11104493019574954,0.019804806817879734,0.566,15.03,0.30351,0.05371,0.02675
EIHOTEL.BO,EIH Limited,Consumer Cyclical,500840,Consumer Services,0.11184013539385221,0.019197663287094237,0.379,5.503,0.66425,0.33813,0.23836
RAYMOND.BO,Raymond Limited,Consumer Cyclical,500330,Textiles,0.125660071393309,0.02451263678479838,0.549,81.513,0.41172,0.13089,0.11062
ASAHIINDIA.BO,Asahi India Glass Limited,Consumer Cyclical,515030,Automobile and Auto Components,0.10225920738829197,0.02728774304619495,0.414,71.142,0.60324,0.17661,0.12739
ALOKTEXT.BO,Alok Industries Limited,Consumer Cyclical,521070,Textiles,0.4378946276996703,0.06396378494516936,,,,,
WELSPUNIND.BO,Welspun India Limited,Consumer Cyclical,514162,Textiles,0.17323994112928848,0.043555728986733086,0.419,56.896,0.46011,0.13191,0.10451999
SFL.BO,Sheela Foam Limited,Consumer Cyclical,540203,Consumer Durables,0.09057578061479667,0.015624817827122406,0.293,19.96,0.36313,0.10381,0.07232
TTKPRESTIG.BO,TTK Prestige Limited,Consumer Cyclical,517506,Consumer Durables,0.0828723133772874,0.014238143215611294,0.278,8.255,0.39957002,0.10967,0.08898
CHALET.BO,Chalet Hotels Limited,Consumer Cyclical,542399,Consumer Services,0.1308914148282812,0.021063618099089475,0.266,176.181,0.69632006,0.39986,0.28925
VTL.BO,Vardhman Textiles Limited,Consumer Cyclical,502986,Textiles,0.10875275536775952,0.024447744770707498,0.488,16.974,0.35404,0.0959,0.0424
VIPIND.BO,V.I.P. Industries Limited,Consumer Cyclical,507880,Consumer Durables,0.1248133001163867,0.02811186777074223,0.435,73.983,0.52037,0.10944,0.05321
CEATLTD.BO,CEAT Limited,Consumer Cyclical,500878,Automobile and Auto Components,0.14395977006474853,0.026991508608376822,0.416,54.808,0.39063,0.11482,0.108610004
SHOPERSTOP.BO,Shoppers Stop Limited,Consumer Cyclical,532638,Consumer Services,0.11243968804716503,0.011790250234807436,0.178,1053.672,0.38901,0.10283,0.05074
CAMPUS.BO,Campus Activewear Limited,Consumer Cyclical,543523,Consumer Durables,0.1303966399206883,-0.0018425446666527653,,55.25,0.50665003,0.14783,0.02636
SAPPHIRE.BO,Sapphire Foods India Limited,Consumer Cyclical,543397,Consumer Services,0.09576034007960021,0.010303049580259094,-0.192,75.24,0.53049,0.13158,0.05969
AMBER.BO,Amber Enterprises India Limited,Consumer Cyclical,540902,Consumer Durables,0.10714748795476188,0.02157995705559758,-0.035,77.453,0.15887,0.06685,0.015470001
JINDWORLD.BO,Jindal Worldwide Limited,Consumer Cyclical,531543,Textiles,0.18525061077297678,0.04644486376701343,0.191,106.229,0.30843002,0.10421,0.06877
LEMONTREE.BO,Lemon Tree Hotels Limited,Consumer Cyclical,541233,Consumer Services,0.13263133199252197,0.01758318295980746,0.668,166.217,0.68959,0.49389,0.36174
SWANENERGY.BO,Swan Energy Limited,Consumer Cyclical,503310,Realty,0.1458894104494452,0.026874272862000174,-0.033,124.609,0.27985,0.23431998,0.18791
MINDACORP.BO,Minda Corporation Limited,Consumer Cyclical,538962,Automobile and Auto Components,0.1185445052302267,0.02093845038050415,0.79,40.754,0.35541,0.10226,0.07518
EASEMYTRIP.BO,Easy Trip Planners Limited,Consumer Cyclical,543272,Consumer Services,0.17422520090696098,0.05159516847708616,0.411,23.174,0.79434997,0.39241,0.53959
MHRIL.BO,Mahindra Holidays & Resorts India Limited,Consumer Cyclical,533088,Consumer Services,0.09656458760086735,0.016997753090104376,0.189,603.277,0.63488996,0.119440004,0.07969
MAHSCOOTER.BO,Maharashtra Scooters Ltd.,Consumer Cyclical,500266,Financial Services,0.1243006871478676,0.03437249599162304,0.554,,0.96345,0.90751,0.97025
GARFIBRES.BO,Garware Technical Fibres Limited,Consumer Cyclical,509557,Textiles,0.10296855564848834,0.0406395052278612,0.38,10.382,0.68958,0.18531,0.18966
VAIBHAVGBL.BO,Vaibhav Global Limited,Consumer Cyclical,532156,Consumer Durables,0.13189069559442979,0.016838122533946204,0.387,15.463,0.63428,0.06645,0.05797
EPL.BO,EPL Limited,Consumer Cyclical,500135,Capital Goods,0.1067945917727355,0.024120565745451093,0.703,45.686,0.54482,0.17297001,0.10682999
SYMPHONY.BO,Symphony Limited,Consumer Cyclical,517385,Consumer Durables,0.113134664951804,0.018009161400684433,0.383,27.46,0.44854,0.10163999,0.12364
BORORENEW.BO,Borosil Renewables Limited,Consumer Cyclical,502219,Capital Goods,1.0485833831255544,-0.01206256060815205,2.033,50.434,0.66113997,0.10107,0.00378
VARROC.BO,Varroc Engineering Limited,Consumer Cyclical,541578,Automobile and Auto Components,0.16753126354204645,0.003956767858698187,1.11,135.329,0.34792,0.08777001,0.057729997
RBA.BO,Restaurant Brands Asia Limited,Consumer Cyclical,543248,Consumer Services,0.08463380174707331,-0.0019901393786503005,-0.006,160.555,0.43153998,0.01432,-0.03584
ORIENTELEC.BO,Orient Electric Limited,Consumer Cyclical,541301,Consumer Durables,0.10425226963711456,0.01367042451418488,0.088,20.139,0.29292,0.05235,0.01145
LAOPALA.BO,La Opala RG Limited,Consumer Cyclical,526947,Consumer Durables,0.11117985193644662,0.0215999995090983,0.475,1.237,0.86087996,0.38069,0.32192
DELTACORP.BO,Delta Corp Limited,Consumer Cyclical,532848,Consumer Services,0.15578193534095136,0.015016054468294878,0.78,3.015,0.63308,0.32669,0.30722
VMART.BO,V-Mart Retail Limited,Consumer Cyclical,534976,Consumer Services,0.12014808769215128,0.023803733074848562,0.586,185.999,0.33325002,0.02248,-0.09559
JAMNAAUTO.BO,Jamna Auto Industries Limited,Consumer Cyclical,520051,Automobile and Auto Components,0.12629042912461116,0.0360605644916949,0.742,8.283,0.33987,0.12189999,0.11228
IFBIND.BO,IFB Industries Limited,Consumer Cyclical,505726,Consumer Durables,0.16167157220353173,0.03459598624457257,1.165,41.413,0.39618,0.030669998,0.0364
UFLEX.BO,Uflex Limited,Consumer Cyclical,500148,Capital Goods,0.12560170835291046,0.024308536825666704,0.63,89.044,0.35944998,0.10988,0.0674
HDFCBANK.BO,HDFC Bank Limited,Financial Services,500180,Financial Services,0.06088438621258438,0.01653232780554551,0.699,,0.0,0.0,0.33279
ICICIBANK.BO,ICICI Bank Limited,Financial Services,532174,Financial Services,0.08523409500491017,0.019822550254853397,0.793,,0.0,0.0,0.38271
SBIN.BO,State Bank of India,Financial Services,500112,Financial Services,0.10555253732916067,0.0193467387474893,0.715,,0.0,0.0,0.27238
BAJFINANCE.BO,Bajaj Finance Limited,Financial Services,500034,Financial Services,0.11792858082211113,0.0416477997228389,0.889,336.941,0.93424004,0.0,0.61249
LICI.BO,Life Insurance Corporation of India,Financial Services,543526,Financial Services,0.07576533646187508,0.012393254402432781,,,0.082200006,0.03371,0.04639
KOTAKBANK.BO,Kotak Mahindra Bank Limited,Financial Services,500247,Financial Services,0.06745172593171904,0.016902797249827666,0.446,,0.0,0.0,0.3782
AXISBANK.BO,Axis Bank Limited,Financial Services,532215,Financial Services,0.09124364549033577,0.018670713783143042,0.936,,0.0,0.0,0.4745
BAJAJFINSV.BO,Bajaj Finserv Ltd.,Financial Services,532978,Financial Services,0.11876967257179885,0.034949904040798695,0.946,231.603,0.52931,0.37363,0.37919
HDFCLIFE.BO,HDFC Life Insurance Company Limited,Financial Services,540777,Financial Services,0.07622551269648052,0.010701863351795345,0.707,6.956,0.11321,0.01091,-0.01116
SBILIFE.BO,SBI Life Insurance Company Limited,Financial Services,540719,Financial Services,0.07767065882095574,0.014136545352480772,0.555,,0.0637,0.01988,0.014730001
INDUSINDBK.BO,IndusInd Bank Limited,Financial Services,532187,Financial Services,0.12224532126628831,0.02126934501874929,1.191,,0.0,0.0,0.45966998
BANKBARODA.BO,Bank of Baroda Limited,Financial Services,532134,Financial Services,0.12611391446911147,0.015562747576934637,0.637,,0.0,0.0,0.41671002
CHOLAFIN.BO,Cholamandalam Investment and Finance Company Limited,Financial Services,511243,Financial Services,0.11529375213862136,0.035734112293217005,0.809,756.702,0.99891,0.0,0.52763003
SBICARD.BO,SBI Cards and Payment Services Limited,Financial Services,543066,Financial Services,0.08669774172842697,0.00953895010851011,0.306,308.232,0.55355,0.0,0.2953
BAJAJHLDNG.BO,Bajaj Holdings & Investment Limited,Financial Services,500490,Financial Services,0.08818491082540961,0.02329405059466301,0.582,0.134,0.97473,0.72289,0.82646006
ICICIPRULI.BO,ICICI Prudential Life Insurance Company Limited,Financial Services,540133,Financial Services,0.08099206567493199,0.009420703682077897,0.585,11.202,0.09764,0.01824,0.017029999
PFC.BO,Power Finance Corporation Limited,Financial Services,532810,Financial Services,0.12511140699311826,0.029368232898643636,0.803,659.134,0.99184996,0.0,0.37939999
IDBI.BO,IDBI Bank Limited,Financial Services,500116,Financial Services,0.1648583300101992,0.013176728581210228,0.966,,0.0,0.0,0.55495
PNB.BO,Punjab National Bank,Financial Services,532461,Financial Services,0.14808222759405218,0.009940694765310905,0.851,,0.0,0.0,0.29012
SHRIRAMFIN.BO,Shriram Finance Limited,Financial Services,511218,Financial Services,0.11735987223399569,0.017477729778576315,0.934,286.691,0.96753997,0.0,0.62659
ICICIGI.BO,ICICI Lombard General Insurance Company Limited,Financial Services,540716,Financial Services,0.06589456714068909,0.012661381254803636,0.512,0.294,0.34070998,0.11712,0.14517
IRFC.BO,Indian Railway Finance Corporation Limited,Financial Services,543257,Financial Services,0.1553393844553238,0.051608782527112505,0.927,855.642,0.99999,0.0,0.97753
UNIONBANK.BO,Union Bank of India,Financial Services,532477,Financial Services,0.1495493904137789,0.01289805057399453,1.143,,0.0,0.0,0.47017
CANBK.BO,Canara Bank,Financial Services,532483,Financial Services,0.13047281825582932,0.015212580757915102,0.842,,0.0,0.0,0.38192
RECLTD.BO,REC Limited,Financial Services,532955,Financial Services,0.11826923086139125,0.028663922992754297,0.822,699.583,0.98578,0.0,0.96086997
IDFCFIRSTB.BO,IDFC First Bank Limited,Financial Services,539437,Financial Services,0.12473662900664732,0.012138952055901743,0.877,,0.0,0.0,0.2034
IOB.BO,Indian Overseas Bank,Financial Services,532388,Financial Services,0.15899025730484856,0.010321801384088598,0.758,,0.0,0.0,0.26253998
HDFCAMC.BO,HDFC Asset Management Company Limited,Financial Services,541729,Financial Services,0.09142155354728213,0.017739775049041152,0.622,,0.87988997,0.77586997,0.77136004
MUTHOOTFIN.BO,Muthoot Finance Limited,Financial Services,533398,Financial Services,0.09935883762309478,0.02673554705737995,0.846,265.082,1.0,0.0,0.67133003
YESBANK.BO,Yes Bank Limited,Financial Services,532648,Financial Services,0.16017019403193059,0.006959420094531139,0.573,,0.0,0.0,0.11351
INDIANB.BO,Indian Bank,Financial Services,532814,Financial Services,0.1685777707731412,0.027473792715049853,0.866,,0.0,0.0,0.43550998
ABCAPITAL.BO,Aditya Birla Capital Limited,Financial Services,540691,Financial Services,0.14226995822670913,0.008363235574386093,0.869,375.213,0.33766997,0.0,0.17224
AUBANK.BO,AU Small Finance Bank Limited,Financial Services,540611,Financial Services,0.13656408895487354,0.023627083431967132,0.691,,0.0,0.0,0.34188998
STARHEALTH.BO,Star Health and Allied Insurance Company Limited,Financial Services,543412,Financial Services,0.14586275088627973,-0.005771331890403048,0.006,7.004,0.25363,0.08133,0.05133
BANDHANBNK.BO,Bandhan Bank Limited,Financial Services,541153,Financial Services,0.15701492582048565,0.002359374831686407,0.95,,0.0,0.0,0.40352002
BANKINDIA.BO,Bank of India Limited,Financial Services,532149,Financial Services,0.16180733916326528,0.008361374405411503,1.294,,0.0,0.0,0.44557
GICRE.BO,General Insurance Corporation of India,Financial Services,540755,Financial Services,0.14470595560558194,0.007525343989340657,1.17,,0.16318001,0.15036,0.11221
M&MFIN.BO,Mahindra & Mahindra Financial Services Limited,Financial Services,532720,Financial Services,0.11995653307282059,0.009924770992347166,0.647,455.601,0.91887003,0.0,0.24385999
UCOBANK.BO,UCO Bank,Financial Services,532505,Financial Services,0.142559880415938,0.005615180134001226,1.059,,0.0,0.0,0.28804
POONAWALLA.BO,Poonawalla Fincorp Limited,Financial Services,524000,Financial Services,0.22045428597994846,0.03471007409732864,1.298,144.533,0.97286004,0.0,0.62226003
POLICYBZR.BO,PB Fintech Limited,Financial Services,543390,Financial Services,0.12745011148131435,-6.786066789400691e-05,0.77,4.656,0.47217,-0.13734001,-0.13727
L&TFH.BO,L&T Finance Holdings Limited,Financial Services,533519,Financial Services,0.12076286727127801,0.015275192294796559,0.96,343.977,0.99184,0.0,0.45064998
MFSL.BO,Max Financial Services Limited,Financial Services,500271,Financial Services,0.10571708180591859,0.01935646687794301,0.68,19.075,0.13906,0.019919999,0.01739
FEDERALBNK.BO,The Federal Bank Limited,Financial Services,500469,Financial Services,0.1061604512699822,0.0186624954569045,0.747,,0.0,0.0,0.4557
CRISIL.BO,CRISIL Limited,Financial Services,500092,Financial Services,0.07747009810811727,0.014864043770431396,0.324,2.84,0.44028,0.25672,0.22444001
CENTRALBK.BO,Central Bank of India,Financial Services,532885,Financial Services,0.158803213529718,0.01259954069057812,0.635,,0.0,0.0,0.18106002
MAHABANK.BO,Bank of Maharashtra,Financial Services,532525,Financial Services,0.12816723428653434,0.010704329044136254,0.989,,0.0,0.0,0.4424
PEL.BO,Piramal Enterprises Limited,Financial Services,500302,Financial Services,0.12198045093040503,0.013462709900279136,0.671,173.458,0.99137,0.0,0.02911
FIVESTAR.BO,Five-Star Business Finance Limited,Financial Services,543663,Financial Services,0.08622745044557953,0.01723475831212129,,102.484,0.99654,0.0,0.65470004
LICHSGFIN.BO,LIC Housing Finance Limited,Financial Services,500253,Financial Services,0.0929750272619974,0.013681700907858226,0.649,796.238,0.96810997,0.0,0.84899
PSB.BO,Punjab & Sind Bank,Financial Services,533295,Financial Services,0.13861854834258935,0.009740255573070317,0.779,,0.0,0.0,0.30185
CREDITACC.BO,CreditAccess Grameen Limited,Financial Services,541770,Financial Services,0.15631082387028802,0.04170510900847292,0.894,306.252,0.99039,0.0,0.64128
IIFL.BO,IIFL Finance Limited,Financial Services,532636,Financial Services,0.1701833952386664,0.03555207738424374,0.85,363.533,0.99687,0.0,0.45113
NIACL.BO,The New India Assurance Company Limited,Financial Services,540769,Financial Services,0.15536703170667615,0.0061441462110873885,1.038,,0.17352,0.05079,-0.011770001
NAM-INDIA.BO,Nippon Life India Asset Management Limited,Financial Services,540767,Financial Services,0.11677370453434123,0.013256363591847635,0.473,,0.82525,0.65056,0.65651
ISEC.BO,ICICI Securities Limited,Financial Services,541179,Financial Services,0.12478498949090838,0.0184186103391326,0.718,379.137,0.89779997,0.0,0.55069
IDFC.BO,IDFC Limited,Financial Services,532659,Financial Services,0.14129709917682656,0.015205159634807203,1.025,,1.0,0.0,0.67462
360ONE.BO,360 One Wam Limited,Financial Services,542772,Financial Services,0.10083921336393584,0.01958946468125632,0.387,241.667,0.71193004,0.61345,0.59419996
CHOLAHLDNG.BO,Cholamandalam Financial Holdings Limited,Financial Services,504973,Financial Services,0.11679662964191444,0.014943683147336451,0.631,664.573,0.65358,0.0,0.28994
PNBHOUSING.BO,PNB Housing Finance Limited,Financial Services,540173,Financial Services,0.14479939591990512,0.010828016124761275,0.506,258.595,0.99060994,0.0,0.70227
ANGELONE.BO,Angel One Limited,Financial Services,543235,Financial Services,0.22898509779900444,0.08208638062987528,-0.096,59.519,0.79172,0.0,0.39726
CGCL.BO,Capri Global Capital Limited,Financial Services,531595,Financial Services,0.1418492166881532,0.03908612950466731,0.347,251.797,0.94912004,0.0,0.26639
MOTILALOFS.BO,Motilal Oswal Financial Services Limited,Financial Services,532892,Financial Services,0.12870610711559324,0.030814505680468313,0.391,159.639,0.78393,0.0,0.46566
HUDCO.BO,Housing and Urban Development Corporation Limited,Financial Services,540530,Financial Services,0.13896070131642252,0.016182626079389698,1.29,402.443,0.99447,0.0,0.87689
RBLBANK.BO,RBL Bank Limited,Financial Services,540065,Financial Services,0.15089485392351262,0.012284435313514537,1.09,,0.0,0.0,0.08078
APTUS.BO,Aptus Value Housing Finance India Limited,Financial Services,543335,Financial Services,0.08819453646144605,0.0047988863525567265,0.474,121.946,0.99967,0.0,0.56826
TATAINVEST.BO,Tata Investment Corporation Limited,Financial Services,501301,Financial Services,0.09389681562105678,0.02553219754925341,0.214,0.544,0.99988997,0.90181,0.91769
MANAPPURAM.BO,Manappuram Finance Limited,Financial Services,531213,Financial Services,0.1340998159447628,0.029452974794910596,1.127,310.682,0.98573,0.0,0.55436003
AAVAS.BO,Aavas Financiers Limited,Financial Services,541988,Financial Services,0.1078948828269292,0.017452949535853683,0.61,318.747,0.98722,0.0,0.54548
ABSLAMC.BO,Aditya Birla Sun Life AMC Ltd.,Financial Services,543374,Financial Services,0.08360821610068311,-0.004487216679752928,0.24,2.851,0.76722,0.60728,0.61038
IEX.BO,Indian Energy Exchange Limited,Financial Services,540750,Financial Services,0.09862662978938369,0.01976399461689802,0.501,1.392,0.99771005,0.83409,0.83722997
EQUITASBNK.BO,Equitas Small Finance Bank Limited,Financial Services,543243,Financial Services,0.11241163770513106,0.03560200200511186,-0.124,45.287,0.9548,0.0,0.34868
UTIAMC.BO,UTI Asset Management Company Limited,Financial Services,543238,Financial Services,0.10849031621572981,0.018395489496736313,0.644,3.072,0.69098,0.51502,0.54715
CANFINHOME.BO,Can Fin Homes Limited,Financial Services,511196,Financial Services,0.12639555675472694,0.036533022939487056,0.518,768.176,0.96675,0.0,0.79073995
CUB.BO,City Union Bank Limited,Financial Services,532210,Financial Services,0.08899281378458591,0.016322844004518545,0.625,,0.0,0.0,0.49754003
MCX.BO,Multi Commodity Exchange of India Limited,Financial Services,534091,Financial Services,0.10663128911223872,0.0216532255316632,0.331,0.099,0.99796,0.13225001,-0.0889
IBULHSGFIN.BO,Indiabulls Housing Finance Limited,Financial Services,535789,Financial Services,0.17810882345690915,0.01997679213592505,1.242,262.901,0.9913,0.0,0.65558
HOMEFIRST.BO,Home First Finance Company India Limited,Financial Services,543259,Financial Services,0.09143545236893208,0.029536677711567524,0.421,308.299,0.99952006,0.0,0.62374
TMB.BO,Tamilnad Mercantile Bank Limited,Financial Services,543596,Financial Services,0.0767794977825329,0.007434153438609862,,,0.0,0.0,0.51364
JMFINANCIL.BO,JM Financial Limited,Financial Services,523405,Financial Services,0.12302329478659028,0.02029690771391995,0.149,149.389,0.9956,0.0,0.39761
CSBBANK.BO,CSB Bank Limited,Financial Services,542867,Financial Services,0.11943555350245184,0.023295015506086196,0.69,,0.0,0.0,0.35917
MASFIN.BO,MAS Financial Services Limited,Financial Services,540749,Financial Services,0.12753232020715838,0.01321368516126183,0.842,416.727,0.88641,0.0,0.60893
DLF.BO,DLF Limited,Real Estate,532868,Realty,0.13335263348141632,0.022934431824632097,0.532,8.761,0.56189996,0.30010998,0.31565002
LODHA.BO,Macrotech Developers Limited,Real Estate,543287,Realty,0.12699156328723657,0.04327506040725891,0.339,66.976,0.37574002,0.22877,0.22108
GODREJPROP.BO,Godrej Properties Limited,Real Estate,533150,Realty,0.11794393988478405,0.028357537881925642,0.981,108.215,0.38681,0.03521,-0.20131001
OBEROIRLTY.BO,Oberoi Realty Limited,Real Estate,533273,Realty,0.0993328682234966,0.021934136909296204,0.564,26.146,0.56856996,0.517,0.53067
PHOENIXLTD.BO,The Phoenix Mills Limited,Real Estate,503100,Realty,0.0841406613151834,0.024386126260061106,0.583,38.739,0.89386004,0.59031,0.51183
PRESTIGE.BO,Prestige Estates Projects Limited,Real Estate,533274,Realty,0.12031968870487483,0.024997341676423635,0.494,96.984,0.50633997,0.23291999,0.18709
BRIGADE.BO,Brigade Enterprises Limited,Real Estate,532929,Realty,0.11745335938534768,0.03378162885877039,0.567,148.067,0.46311,0.24606001,0.18224001
MAHLIFE.BO,Mahindra Lifespace Developers Limited,Real Estate,532313,Realty,0.11123924382737418,0.020235373674853438,0.482,16.954,0.13934,-0.19372,-2.13956
SUNTECK.BO,Sunteck Realty Limited,Real Estate,512179,Realty,0.13710486754844128,0.020250170438887518,0.648,22.766,0.68161005,-0.05426,-0.65643996
SOBHA.BO,Sobha Limited,Real Estate,532784,Realty,0.13748747174181986,0.021540985830005445,1.05,81.179,0.32490003,0.09625,0.09373
IBREALEST.BO,Indiabulls Real Estate Limited,Real Estate,532832,Realty,0.19679839488111378,0.022449288577052775,1.055,8.962,-0.46144,-0.82464,-0.26743
HINDUNILVR.BO,Hindustan Unilever Limited,Consumer Defensive,500696,Fast Moving Consumer Goods,0.05964888385237535,0.01502797081674707,0.033,2.515,0.4978,0.23019,0.22403
ITC.BO,ITC Limited,Consumer Defensive,500875,Fast Moving Consumer Goods,0.06138137961283538,0.009093877402706318,0.26,0.408,0.59955,0.3751,0.33763
DMART.BO,Avenue Supermarts Limited,Consumer Defensive,540376,Consumer Services,0.08212037258302674,0.02477395995952406,0.039,3.616,0.14403,0.07729,0.06579
NESTLEIND.BO,Nestl√© India Limited,Consumer Defensive,500790,Fast Moving Consumer Goods,0.05592919537095661,0.015314603625409559,0.004,10.099,0.54301,0.22466,0.22188
VBL.BO,Varun Beverages Limited,Consumer Defensive,540180,Fast Moving Consumer Goods,0.09530959759349393,0.04082672943478366,0.534,56.268,0.53712004,0.22351,0.18378
BRITANNIA.BO,Britannia Industries Limited,Consumer Defensive,500825,Fast Moving Consumer Goods,0.06823162468870124,0.02336271504458045,0.468,96.678,0.42583,0.19092,0.18064
GODREJCP.BO,Godrej Consumer Products Limited,Consumer Defensive,532424,Fast Moving Consumer Goods,0.0754254230753905,0.015597394514494451,0.213,22.585,0.52458,0.20089,0.18393
DABUR.BO,Dabur India Limited,Consumer Defensive,500096,Fast Moving Consumer Goods,0.05417501874895158,0.01148875360066375,0.227,14.98,0.46049,0.18726,0.17559
TATACONSUM.BO,Tata Consumer Products Limited,Consumer Defensive,500800,Fast Moving Consumer Goods,0.08268810376993072,0.019999830103545422,0.421,8.875,0.41188,0.13401,0.11869001
MARICO.BO,Marico Limited,Consumer Defensive,531642,Fast Moving Consumer Goods,0.0574811238620072,0.015986449054122692,0.123,10.706,0.47615,0.19424999,0.18497999
COLPAL.BO,Colgate-Palmolive (India) Limited,Consumer Defensive,500830,Fast Moving Consumer Goods,0.057084028641688565,0.013363548607850072,0.22,3.895,0.66612,0.3121,0.29764
PGHH.BO,Procter & Gamble Hygiene and Health Care Limited,Consumer Defensive,500459,Fast Moving Consumer Goods,0.05222419398137604,0.016592581536255306,0.182,0.426,0.58248,0.23456,0.2377
AWL.BO,Adani Wilmar Limited,Consumer Defensive,543458,Fast Moving Consumer Goods,0.15898176748901133,-0.004981357973575531,,48.155,0.10102,0.025179999,0.00391
PATANJALI.BO,Patanjali Foods Limited,Consumer Defensive,500368,Fast Moving Consumer Goods,0.41140946878850315,0.1234771657285304,-1.228,12.376,0.118219994,0.041100003,0.04285
UBL.BO,United Breweries Limited,Consumer Defensive,532478,Fast Moving Consumer Goods,0.07898432006441518,0.009246442138313432,0.432,0.383,0.40291,0.07095,0.07056
UNITDSPR.BO,United Spirits Limited,Consumer Defensive,532432,Fast Moving Consumer Goods,0.09443480876951107,0.011294338702041624,,,,,
HATSUN.BO,Hatsun Agro Product Limited,Consumer Defensive,531531,Fast Moving Consumer Goods,0.09198563066803236,0.022133637738065606,0.324,134.688,0.27018,0.09831,0.06261
EMAMILTD.BO,Emami Limited,Consumer Defensive,531162,Fast Moving Consumer Goods,0.09809781246520376,0.012007356368858947,0.724,4.447,0.65042,0.2592,0.21688999
RADICO.BO,Radico Khaitan Limited,Consumer Defensive,532497,Fast Moving Consumer Goods,0.11842682636444907,0.027272253854906198,0.617,38.281,0.4161,0.11552,0.102790006
GILLETTE.BO,Gillette India Limited,Consumer Defensive,507815,Fast Moving Consumer Goods,0.05992856690052119,0.011558030735949429,0.222,0.005,0.52157,0.21436001,0.17474002
BIKAJI.BO,Bikaji Foods International Limited,Consumer Defensive,543653,Fast Moving Consumer Goods,0.08397061026310725,0.022239380245226942,,20.046,0.31992,0.13015,0.11849
JYOTHYLAB.BO,Jyothy Labs Limited,Consumer Defensive,532926,Fast Moving Consumer Goods,0.09336594423795676,0.017680747893667626,0.512,2.732,0.46543998,0.16213,0.18280001
GODFRYPHLP.BO,Godfrey Phillips India Limited,Consumer Defensive,500163,Fast Moving Consumer Goods,0.13504362052634983,0.021393871216266076,0.212,9.131,0.46132,0.20312999,0.16163999
RENUKA.BO,Shree Renuka Sugars Limited,Consumer Defensive,532670,Fast Moving Consumer Goods,0.22948209742567122,0.02584676354914391,0.794,,0.18676001,0.06446,0.00892
ZYDUSWELL.BO,Zydus Wellness Limited,Consumer Defensive,531335,Fast Moving Consumer Goods,0.07858561537686584,0.012745073321168504,0.023,6.76,0.48428002,0.13276,0.024549998
KRBL.BO,KRBL Limited,Consumer Defensive,530813,Fast Moving Consumer Goods,0.14398650565335422,0.029365569931731453,0.85,1.894,0.26830998,0.15874,0.14388
GODREJAGRO.BO,Godrej Agrovet Limited,Consumer Defensive,540743,Fast Moving Consumer Goods,0.07687063213782394,0.003095653644326342,0.387,56.431,0.22122999,0.06226,0.05788
EIDPARRY.BO,E.I.D.- Parry (India) Limited,Consumer Defensive,500125,Chemicals,0.10697009946401542,0.018233435659639433,0.612,8.251,0.21589,0.098120004,0.105550006
CCL.BO,CCL Products (India) Limited,Consumer Defensive,519600,Fast Moving Consumer Goods,0.09824255288282069,0.028575405945192797,0.241,72.04,0.42387,0.18065001,0.14477
BALRAMCHIN.BO,Balrampur Chini Mills Limited,Consumer Defensive,500038,Fast Moving Consumer Goods,0.13975233169758355,0.02966562434157824,0.858,17.451,0.28886,0.15188,0.08031999
BBTC.BO,"The Bombay Burmah Trading Corporation, Limited",Consumer Defensive,501425,Fast Moving Consumer Goods,0.15069166288197614,0.0327531973904081,0.671,101.864,0.43869,0.20415,0.19471
AVANTI.BO,Avanti Feeds Limited,Consumer Defensive,512573,Fast Moving Consumer Goods,0.17475300951501463,0.04269836607758004,,,,,
GAEL.BO,Gujarat Ambuja Exports Limited,Consumer Defensive,524226,Fast Moving Consumer Goods,0.14042430122118063,0.03921044680234598,0.283,11.307,0.26514998,0.08728,0.06524
VSTIND.BO,VST Industries Limited,Consumer Defensive,509966,Fast Moving Consumer Goods,0.07355099834198305,0.010456701770081294,0.377,,0.49137002,0.27138,0.19981001
TATACOFFEE.BO,Tata Coffee Limited,Consumer Defensive,532301,Fast Moving Consumer Goods,0.09274117429261172,0.01566538791652957,0.778,43.322,0.45201,0.14297,0.11495
SUNPHARMA.BO,Sun Pharmaceutical Industries Limited,Healthcare,524715,Healthcare,0.0836924104972083,0.009855444051855086,0.528,3.051,0.75692004,0.2647,0.21166
CIPLA.BO,Cipla Limited,Healthcare,500087,Healthcare,0.07816129780284543,0.012153773896148135,0.361,3.829,0.63762003,0.23422001,0.2191
DIVISLAB.BO,Divi's Laboratories Limited,Healthcare,532488,Healthcare,0.0867562160878111,0.019183296849687937,0.37,0.039,0.55311,0.25582,0.20115
DRREDDY.BO,Dr. Reddy's Laboratories Limited,Healthcare,500124,Healthcare,0.078625611327719,0.009777604411158942,0.371,5.227,0.58463,0.28915,0.25414
APOLLOHOSP.BO,Apollo Hospitals Enterprise Limited,Healthcare,508869,Healthcare,0.0987047153777962,0.020092102379598013,0.6,71.084,0.34124002,0.11165,0.09575
TORNTPHARM.BO,Torrent Pharmaceuticals Limited,Healthcare,500420,Healthcare,0.07217553185062013,0.021288973494438593,0.292,66.93,0.73183,0.29587,0.23459
ZYDUSLIFE.BO,Zydus Lifesciences Limited,Healthcare,532321,Healthcare,0.08490951073192655,0.01586681405305216,0.451,0.916,0.65300006,0.25138,0.20136
MAXHEALTH.BO,Max Healthcare Institute Limited,Healthcare,543220,Healthcare,0.0991988102641538,0.052228301883026365,0.252,8.414,0.60473996,0.27181,0.2417
ABBOTINDIA.BO,Abbott India Limited,Healthcare,500488,Healthcare,0.07784305407079505,0.025596075117644616,0.111,2.944,0.44065,0.22845,0.24298
AUROPHARMA.BO,Aurobindo Pharma Limited,Healthcare,524804,Healthcare,0.10705126499023122,0.01816333719613947,0.658,23.581,0.52527,0.16427,0.13654
LUPIN.BO,Lupin Limited,Healthcare,500257,Healthcare,0.09101602333336536,0.007127375691114775,0.695,28.441,0.61015,0.14813,0.13402
ALKEM.BO,Alkem Laboratories Limited,Healthcare,539523,Healthcare,0.07636681112474852,0.01663053470093458,0.279,14.113,0.58353,0.16744,0.19558
SYNGENE.BO,Syngene International Limited,Healthcare,539268,Healthcare,0.0809587097602586,0.018194563514822737,0.565,21.409,0.66653997,0.29941,0.18394
BIOCON.BO,Biocon Limited,Healthcare,532523,Healthcare,0.09118947350590442,0.0161293062091327,0.429,75.182,0.62541,0.23843001,0.10175
GLAND.BO,Gland Pharma Limited,Healthcare,543245,Healthcare,0.12715631307869543,0.0008126275473142381,0.405,4.298,0.53957003,0.25136998,0.17677
GLAXO.BO,GlaxoSmithKline Pharmaceuticals Limited,Healthcare,500660,Healthcare,0.07249773377165823,0.005820109686251802,0.204,1.389,0.60625,0.24662,0.28358
FORTIS.BO,Fortis Healthcare Limited,Healthcare,532843,Healthcare,0.09556691864166966,0.015822840422900324,0.615,12.178,0.56200004,0.16017,0.13902001
IPCALAB.BO,Ipca Laboratories Limited,Healthcare,524494,Healthcare,0.08860253888593551,0.012361665503468443,0.192,26.286,0.61645,0.15642999,0.11354
GLENMARK.BO,Glenmark Pharmaceuticals Limited,Healthcare,532296,Healthcare,0.10795098939246278,0.00882147073964829,0.814,53.224,0.63106996,0.15274,0.100030005
AJANTPHARM.BO,Ajanta Pharma Limited,Healthcare,532331,Healthcare,0.097020134607803,0.022075517942433714,-0.061,0.948,0.72379994,0.23728001,0.24983999
LAURUSLABS.BO,Laurus Labs Limited,Healthcare,540222,Healthcare,0.14839329329063902,0.026243346584312113,1.038,52.79,0.50029,0.19879,0.07863
JBCHEPHARM.BO,J. B. Chemicals & Pharmaceuticals Limited,Healthcare,506943,Healthcare,0.09359135726511823,0.02625155724822437,-0.047,16.578,0.63694,0.24452999,0.23972
NH.BO,Narayana Hrudayalaya Limited,Healthcare,539551,Healthcare,0.08167100181201274,0.018835808369136127,0.409,42.837,0.38044,0.21946,0.19371
LALPATHLAB.BO,Dr. Lal PathLabs Limited,Healthcare,539524,Healthcare,0.09032736059620247,0.016638131284361053,0.375,16.566,0.56684,0.2374,0.23599
PFIZER.BO,Pfizer Limited,Healthcare,500680,Healthcare,0.07968862800235939,0.015096094345990655,0.318,3.544,0.62709,0.27824,0.29064
MEDANTA.BO,Global Health Limited,Healthcare,543654,Healthcare,0.08889851204789813,0.06171889023958369,,29.946,0.52063,0.2394,0.20136999
SANOFI.BO,Sanofi India Limited,Healthcare,500674,Healthcare,0.06834320400697373,0.012324399508485679,0.357,2.693,0.56965,0.26892,0.2775
APLLTD.BO,Alembic Pharmaceuticals Limited,Healthcare,533573,Healthcare,0.08947360617768343,0.014612189189535994,0.735,19.436,0.69509006,0.1427,0.08821
ASTERDM.BO,Aster DM Healthcare Limited,Healthcare,540975,Healthcare,0.11125793703348422,0.018716472385599276,0.59,124.675,0.35712,0.10953,0.06164
NATCOPHARM.BO,NATCO Pharma Limited,Healthcare,524816,Healthcare,0.11096740607806599,0.020276220077644545,0.488,4.676,0.77195,0.40217,0.40178
KIMS.BO,Krishna Institute of Medical Sciences Limited,Healthcare,543308,Healthcare,0.08079980741385225,0.019590124701817868,-0.21,45.841,0.60078,0.26185,0.22171
POLYMED.BO,Poly Medicure Limited,Healthcare,531768,Healthcare,0.11929318120097132,0.03167365646441105,0.292,10.099,0.64484,0.25924,0.20231001
SUVENPHAR.BO,Suven Pharmaceuticals Limited,Healthcare,543064,Healthcare,0.12311383415321586,0.042759529752171795,1.402,2.624,0.58952,0.44534,0.37251
PPLPHARMA.BO,Piramal Pharma Limited,Healthcare,543635,Healthcare,0.13421862565360768,0.0034483539722088754,,58.45,0.60564,0.11098,0.04245
ERIS.BO,Eris Lifesciences Limited,Healthcare,540596,Healthcare,0.0980594053216558,0.009498037084418424,0.368,34.17,0.80649,0.33588,0.27781
RAINBOW.BO,Rainbow Children's Medicare Limited,Healthcare,543524,Healthcare,0.0866872565780155,0.05358658301506584,,55.145,0.71474,0.30461,0.27283
MEDPLUS.BO,MedPlus Health Services Limited,Healthcare,543427,Consumer Services,0.09899890877665192,-0.011240542611660664,,62.949,0.21545,0.032899998,0.02103
ASTRAZEN.BO,AstraZeneca Pharma India Limited,Healthcare,506820,Healthcare,0.09845890010666433,0.020068833109870298,0.503,0.816,0.62437,0.18654,0.15779
PGHL.BO,Procter & Gamble Health Limited,Healthcare,500126,Healthcare,0.10653207085541137,0.024301208738409786,0.492,1.598,0.68956,0.26858,0.31695998
SPARC.BO,Sun Pharma Advanced Research Company Limited,Healthcare,532872,Healthcare,0.14718850987681342,0.014178190584295572,0.778,4.284,0.8719,-1.19566,-4.46884
GRANULES.BO,Granules India Limited,Healthcare,532482,Healthcare,0.12163221630190604,0.03171743186932684,0.277,46.501,0.47869998,0.17903,0.13489
JUBLPHARMA.BO,Jubilant Pharmova Limited,Healthcare,530019,Healthcare,0.16515239669432244,0.024254317629808324,1.519,67.906,0.67907995,0.0995,0.08641
METROPOLIS.BO,Metropolis Healthcare Limited,Healthcare,542650,Healthcare,0.12104366490562436,0.01738254911708463,0.309,22.025,0.77252,0.19573,0.17041
JUBLINGREA.BO,Jubilant Ingrevia Limited,Healthcare,543271,Chemicals,0.114097614270231,0.010684996388671607,0.152,28.341,0.49390998,0.11382,0.08211
FDC.BO,FDC Limited,Healthcare,531599,Healthcare,0.0836205888732632,0.013793760286512281,0.212,1.245,0.62907004,0.15827,0.13683
AARTIDRUGS.BO,Aarti Drugs Limited,Healthcare,524348,Healthcare,0.13625911679019567,0.03591092989060217,0.92,48.694,0.30767,0.119799994,0.10057
CAPPL.BO,Caplin Point Laboratories Limited,Healthcare,524742,Healthcare,0.1635171293602124,0.04726026606968416,,,,,
HIKAL.BO,Hikal Limited,Healthcare,524735,Healthcare,0.16030111083064458,0.023817983593714852,1.114,67.536,0.47623003,0.14219,0.06657
NTPC.BO,NTPC Limited,Utilities,532555,Power,0.08037060062105617,0.01382345179285367,0.363,140.991,0.42332,0.2997,0.19213
POWERGRID.BO,Power Grid Corporation of India Limited,Utilities,532898,Power,0.0607544407469547,0.016314207545902876,0.293,142.063,0.98204005,0.89596003,0.58856
ADANIGREEN.BO,Adani Green Energy Limited,Utilities,541450,Power,0.24424581862498138,0.07889655807634029,0.898,719.113,0.81641,0.7648,0.60675997
ADANIPOWER.BO,Adani Power Limited,Utilities,533096,Power,0.2028384104497677,0.0414767553934615,0.535,79.901,0.33389,0.29096,0.32076
GAIL.BO,GAIL (India) Limited,Utilities,532155,"Oil, Gas & Consumable Fuels",0.08992259461116343,0.014851107132140065,0.706,24.578,0.1269,0.054169998,0.08315
TATAPOWER.BO,The Tata Power Company Limited,Utilities,500400,Power,0.10321628356333513,0.018433570785947966,0.75,141.897,0.31119,0.18113,0.13757
ATGL.BO,Adani Total Gas Limited,Utilities,542066,"Oil, Gas & Consumable Fuels",0.24310803180676047,0.0700270761493537,1.211,41.92,0.30231002,0.21586001,0.22117001
JSWENERGY.BO,JSW Energy Limited,Utilities,533148,Power,0.13702382903554863,0.028695925952316077,0.066,139.043,0.49550998,0.4035,0.45152
NHPC.BO,NHPC Limited,Utilities,533098,Power,0.08177160630470197,0.01635354452561623,0.288,73.33,0.84499,0.58243,0.49895
IGL.BO,Indraprastha Gas Limited,Utilities,532514,"Oil, Gas & Consumable Fuels",0.0836452487289491,0.02322975486548406,0.405,0.937,0.25014,0.15035,0.16038999
TORNTPOWER.BO,Torrent Power Limited,Utilities,532779,Power,0.10700254780882526,0.02513166598848575,0.442,86.466,0.23775999,0.18559,0.12637
GUJGAS.BO,Gujarat Gas Limited,Utilities,539336,"Oil, Gas & Consumable Fuels",0.10527671941032898,0.021030046993436535,,,,,
SJVN.BO,SJVN Limited,Utilities,533206,Power,0.0709945555991537,0.017729680006686035,0.519,119.068,0.97350997,0.74441004,0.68797994
NLCINDIA.BO,NLC India Limited,Utilities,513683,Power,0.10153946043382392,0.01786181855022684,0.56,114.376,0.80563,0.4038,0.21360001
GSPL.BO,Gujarat State Petronet Limited,Utilities,532702,"Oil, Gas & Consumable Fuels",0.08206562548181244,0.017751617192978075,0.652,1.097,0.28464,0.2002,0.17554002
CESC.BO,CESC Limited,Utilities,500084,Power,0.11236284885104462,0.020632784728075833,0.717,116.593,0.35022,0.16410999,0.0864
MGL.BO,Mahanagar Gas Limited,Utilities,539957,"Oil, Gas & Consumable Fuels",0.0852068931452063,0.013891296318035198,0.648,2.456,0.36981,0.25374,0.26296
BHARTIARTL.BO,Bharti Airtel Limited,Communication Services,532454,Telecommunication,0.07583627291300676,0.012831388923414712,0.217,210.193,0.63158,0.46595,0.264
NAUKRI.BO,Info Edge (India) Limited,Communication Services,532777,Consumer Services,0.09644870050340427,0.02463267250549064,0.963,1.302,0.52588004,0.30466998,0.28555
TATACOMM.BO,Tata Communications Limited,Communication Services,500483,Telecommunication,0.12525796787579374,0.02336515785176161,1.178,605.424,0.33203,0.19760999,0.08420999
INDUSTOWER.BO,Indus Towers Limited,Communication Services,534816,Telecommunication,0.10938145407831769,0.008181250150870517,0.228,87.361,0.53095,0.33811,0.27063
IDEA.BO,Vodafone Idea Limited,Communication Services,532822,Telecommunication,0.19899042868718766,-0.0019554964868366345,0.424,,0.43008,0.24027,-0.12929
ZEEL.BO,Zee Entertainment Enterprises Limited,Communication Services,505537,"Media, Entertainment & Publication",0.13504446370941034,0.009175872736373441,0.558,2.331,0.18844,0.11896,0.104820006
SUNTV.BO,Sun TV Network Limited,Communication Services,532733,"Media, Entertainment & Publication",0.10896556370102845,0.012508924897506402,0.451,0.516,0.72037005,0.54713,0.48555002
INDIAMART.BO,IndiaMART InterMESH Limited,Communication Services,542726,Consumer Services,0.1337097855944254,0.03817133484319088,0.576,3.081,0.55069,0.26218,0.24431999
PVRINOX.BO,PVR INOX Limited,Communication Services,532689,"Media, Entertainment & Publication",0.10430933947396416,0.015612458773990794,0.557,109.7,0.67103,0.17702,0.19910999
TTML.BO,Tata Teleservices (Maharashtra) Limited,Communication Services,532371,Telecommunication,0.3215961756731601,0.053632162499692895,0.765,,0.47555,0.41496,0.31731
AFFLE.BO,Affle (India) Limited,Communication Services,542752,Information Technology,0.15504141141572356,0.04496143887677465,1.241,14.319,0.25353,0.17115,0.15946999
ROUTE.BO,Route Mobile Limited,Communication Services,543228,Telecommunication,0.11216043465919032,0.018498056587631897,0.262,9.036,0.16486,0.12368,0.11417
TV18BRDCST.BO,TV18 Broadcast Limited,Communication Services,532800,"Media, Entertainment & Publication",0.13646980199049197,0.016282170884817822,0.718,6.195,0.21430999,-0.02716,-0.13832
JUSTDIAL.BO,Just Dial Limited,Communication Services,535648,Consumer Services,0.15373436438229668,0.005989632619761565,0.479,2.287,0.253,0.13077,0.14029
NETWORK18.BO,Network18 Media & Investments Limited,Communication Services,532798,"Media, Entertainment & Publication",0.14551311778304557,0.01811185390165661,0.719,12.832,0.20518999,-0.0368,-0.14747
RELIANCE.BO,Reliance Industries Limited,Energy,500325,"Oil, Gas & Consumable Fuels",0.07976201400305852,0.018898102678855274,0.648,36.1,0.34747002,0.17099,0.1224
ADANIENT.BO,Adani Enterprises Limited,Energy,512599,Metals & Mining,0.19712347995485752,0.04872742157310929,0.729,136.906,0.35821998,0.090179995,0.0789
ONGC.BO,Oil and Natural Gas Corporation Limited,Energy,500312,"Oil, Gas & Consumable Fuels",0.08872856086138593,0.006426447833580273,0.702,42.656,0.20898001,0.17882,0.14677
COALINDIA.BO,Coal India Limited,Energy,533278,"Oil, Gas & Consumable Fuels",0.08698858670059144,0.009886620601021672,0.251,8.954,0.82288,0.25429,0.23212999
IOC.BO,Indian Oil Corporation Limited,Energy,530965,"Oil, Gas & Consumable Fuels",0.09463681333942857,0.0208797227408686,0.725,67.495,0.15469,0.09399,0.110010006
BPCL.BO,Bharat Petroleum Corporation Limited,Energy,500547,"Oil, Gas & Consumable Fuels",0.09900459120499178,0.01956717796750943,0.915,79.365,0.15501,0.09519,0.11
HINDPETRO.BO,Hindustan Petroleum Corporation Limited,Energy,500104,"Oil, Gas & Consumable Fuels",0.11018514042839628,0.028159142108182957,0.753,128.755,0.09689999,0.0592,0.07332
PETRONET.BO,Petronet LNG Limited,Energy,532522,"Oil, Gas & Consumable Fuels",0.07064197035442535,0.015228427317162719,0.506,19.33,0.10962,0.09166,0.081379995
OIL.BO,Oil India Limited,Energy,533106,"Oil, Gas & Consumable Fuels",0.09338170189918389,0.010745507520616402,0.644,51.062,0.81931996,0.46637002,0.40341
MRPL.BO,Mangalore Refinery and Petrochemicals Limited,Energy,500109,"Oil, Gas & Consumable Fuels",0.1409696174626352,0.018977939375622085,0.983,119.079,0.11618,0.08903,0.101239994
CASTROLIND.BO,Castrol India Limited,Energy,500870,"Oil, Gas & Consumable Fuels",0.08517806349480508,0.005839005907929845,0.625,3.237,0.45961,0.22589001,0.2077
AEGISLOG.BO,Aegis Logistics Limited,Energy,500003,"Oil, Gas & Consumable Fuels",0.12801472506448786,0.03666599162204727,,,,,
LT.BO,Larsen & Toubro Limited,Industrials,500510,Construction,0.07905964145163849,0.01789739442504134,0.578,130.668,0.3783,0.12371001,0.11226
ADANIPORTS.BO,Adani Ports and Special Economic Zone Limited,Industrials,532921,Services,0.1010975709508029,0.022127209614940784,0.46,99.596,0.64822,0.58525,0.43723
SIEMENS.BO,Siemens Limited,Industrials,500550,Capital Goods,0.08322497152823678,0.020355598015170027,0.468,1.338,0.3156,0.1272,0.107030004
HAL.BO,Hindustan Aeronautics Limited,Industrials,541154,Capital Goods,0.112844768974555,0.03001430169326297,0.721,0.004,0.59853,0.19611,0.15824
ABB.BO,ABB India Limited,Industrials,500002,Capital Goods,0.09845264410979176,0.02272150068011622,0.606,0.778,0.35957,0.14468999,0.14741999
INDIGO.BO,InterGlobe Aviation Limited,Industrials,539448,Services,0.10106819960158946,0.01457563623271778,0.512,,0.30905,0.1486,0.08488
BEL.BO,Bharat Electronics Limited,Industrials,500049,Capital Goods,0.46436280007488634,0.10245546426020621,0.249,0.414,0.44099998,0.24124001,0.22597
HAVELLS.BO,Havells India Limited,Industrials,517354,Consumer Durables,0.08911179579876274,0.023093558565639927,0.55,3.892,0.31368,0.09397,0.07491
POLYCAB.BO,Polycab India Limited,Industrials,542652,Capital Goods,0.09943576595673304,0.04642955355906645,0.668,2.94,0.26002002,0.13847,0.12913
CGPOWER.BO,CG Power and Industrial Solutions Limited,Industrials,500093,Capital Goods,0.21512116321002006,0.03196132809643461,1.182,0.76,0.30301002,0.14631,0.14277
ASHOKLEY.BO,Ashok Leyland Limited,Industrials,500477,Capital Goods,0.12074458668974872,0.027271009201299122,0.759,306.526,0.32144,0.14745,0.14383
ASTRAL.BO,Astral Limited,Industrials,532830,Capital Goods,0.09671867044372434,0.03224164726647763,0.372,3.162,0.36551,0.16806,0.12575
IRCTC.BO,Indian Railway Catering & Tourism Corporation Limited,Industrials,542830,Consumer Services,0.13851090947540567,0.04012811070445618,0.437,2.347,0.39668,0.34387,0.35422
SUPREMEIND.BO,The Supreme Industries Limited,Industrials,509930,Capital Goods,0.09034423321993637,0.024420508438160952,0.564,0.95,0.30708998,0.15218,0.12315
CUMMINSIND.BO,Cummins India Limited,Industrials,500480,Capital Goods,0.09595320261970648,0.017876614294248947,0.781,4.564,0.33717,0.19869,0.20698
CONCOR.BO,Container Corporation of India Limited,Industrials,531344,Services,0.08926270981012287,0.01646994587231165,0.532,7.016,0.25654,0.20736,0.17922
HONAUT.BO,Honeywell Automation India Limited,Industrials,517174,Capital Goods,0.09020217613158292,0.02630144153213836,0.374,0.777,0.43624002,0.1304,0.112749994
BHEL.BO,Bharat Heavy Electricals Limited,Industrials,500103,Capital Goods,0.1414078058311867,0.014112135527180087,1.032,34.661,0.2909,-0.00464,-0.087340005
MAZDOCK.BO,Mazagon Dock Shipbuilders Limited,Industrials,543237,Capital Goods,0.181970220416528,0.08263172242606572,0.888,0.055,0.27523002,0.10687,0.08559
AIAENG.BO,AIA Engineering Limited,Industrials,532683,Capital Goods,0.07982328596868914,0.019991855173002695,0.427,7.879,0.57755,0.27852,0.27617002
3MINDIA.BO,3M India Limited,Industrials,523395,Diversified,0.08739023425923148,0.022214769917549643,0.234,1.294,0.39122,0.17899999,0.17241
GMRINFRA.BO,GMR Airports Infrastructure Limited,Industrials,532754,Services,0.12991362530000428,0.02033269857052528,0.607,5680.539,0.54924,0.29865998,0.17139
DELHIVERY.BO,Delhivery Limited,Industrials,543529,Services,0.13867668609159534,-0.008723488945824864,,10.025,0.80331004,-0.04458,-0.0962
THERMAX.BO,Thermax Limited,Industrials,500411,Capital Goods,0.08712441251672104,0.01644943329090206,0.252,26.895,0.44394,0.083009996,0.07456
ESCORTS.BO,Escorts Kubota Limited,Industrials,500495,Capital Goods,0.12164892344617165,0.034809243826813406,0.274,0.618,0.28368,0.11399999,0.10678001
VOLTAS.BO,Voltas Limited,Industrials,500575,Consumer Durables,0.09756360905326862,0.02276053767071548,0.349,9.648,0.22400999,0.053239997,0.02555
RVNL.BO,Rail Vikas Nigam Limited,Industrials,542649,Construction,0.18697184036709533,0.05068966315232568,1.606,75.624,0.07586,0.06039,0.05943
TIMKEN.BO,Timken India Limited,Industrials,522113,Capital Goods,0.09186808836369884,0.029298650513794624,0.463,0.524,0.39079,0.18621,0.16781001
SUZLON.BO,Suzlon Energy Limited,Industrials,532667,Capital Goods,0.21682685214006184,0.031010639195522105,1.248,4.28,0.37864,0.12878999,0.12208
GRINDWELL.BO,Grindwell Norton Limited,Industrials,506076,Capital Goods,0.08412386981765149,0.028714844178125337,0.476,3.486,0.54398996,0.19763,0.17158002
SKFINDIA.BO,SKF India Limited,Industrials,500472,Capital Goods,0.07590572457802608,0.019898249631870472,0.481,0.611,0.37159002,0.16132,0.09081
KAJARIACER.BO,Kajaria Ceramics Limited,Industrials,500233,Consumer Durables,0.10228182801916848,0.024131975829678104,0.601,6.562,0.59258,0.14357,0.12806
KEI.BO,KEI Industries Limited,Industrials,517569,Capital Goods,0.13485558547538848,0.05667328861143194,0.578,6.752,0.23341998,0.1021,0.09673
BDL.BO,Bharat Dynamics Limited,Industrials,541143,Capital Goods,0.1247349797898848,0.025911594475752975,0.642,0.133,0.56831,0.17082001,0.18935
CARBORUNIV.BO,Carborundum Universal Limited,Industrials,513375,Capital Goods,0.08637579493569116,0.02224876637964527,0.635,6.13,0.5909,0.14536999,0.10613
FINCABLES.BO,Finolex Cables Limited,Industrials,500144,Capital Goods,0.11470612343888041,0.02871383601045092,0.711,0.416,0.21503,0.12149,0.11391
CYIENT.BO,Cyient Limited,Industrials,532175,Information Technology,0.10281816669739857,0.021778201328246694,1.053,23.997,0.35252997,0.16551,0.14619
GODREJIND.BO,Godrej Industries Limited,Industrials,500164,Diversified,0.0924292749183634,0.012106224397811657,0.482,171.87,0.32903,0.14288999,0.11639
ELGIEQUIP.BO,Elgi Equipments Limited,Industrials,522074,Capital Goods,0.11682667023416729,0.028318277822948237,0.537,42.641,0.49575,0.14448,0.15392
KEC.BO,KEC International Limited,Industrials,532714,Capital Goods,0.12343774685880252,0.02852550294273322,0.462,127.782,0.22993,0.05091,0.050630003
IRB.BO,IRB Infrastructure Developers Limited,Industrials,532947,Construction,0.16113619428069545,0.03486548736305083,0.82,133.135,0.58085,0.4719,0.32202998
APARINDS.BO,APAR Industries Limited,Industrials,532259,Capital Goods,0.11742210923825082,0.03868571653337887,-0.203,16.884,0.25149,0.09375,0.08191
BLUEDART.BO,Blue Dart Express Limited,Industrials,526612,Services,0.10180067671405499,0.01189799484152744,0.21,90.059,0.23333,0.12149,0.08469
RHIM.BO,RHI Magnesita India Limited,Industrials,534076,Capital Goods,0.11498341332401464,0.03142520001848188,0.808,12.734,0.38074002,0.12705,0.10507
BLUESTARCO.BO,Blue Star Limited,Industrials,500067,Consumer Durables,0.11203746082635715,0.02982463422131575,0.48,36.937,0.22693,0.06297,0.052729998
LAXMIMACH.BO,Lakshmi Machine Works Limited,Industrials,500252,Capital Goods,0.08938724999703025,0.017987609190462762,0.324,,0.36175,0.09649,0.08505999
VGUARD.BO,V-Guard Industries Limited,Industrials,532953,Consumer Durables,0.09925042748698064,0.02627450203362864,0.153,23.032,0.3107,0.07658,0.06412
TRITURBINE.BO,Triveni Turbine Limited,Industrials,533655,Capital Goods,0.10688388638283196,0.023158702300383093,0.584,0.377,0.49708998,0.18619,0.17856
GRINFRA.BO,G R Infraprojects Limited,Industrials,543317,Construction,0.12648175312305235,-0.0010463382883272945,0.488,93.08,0.35525,0.25923002,0.21528
DATAPATTNS.BO,Data Patterns (India) Limited,Industrials,543428,Capital Goods,0.14693026859057534,0.05529901916428081,,0.225,0.63311,0.38396,0.34798
RITES.BO,RITES Limited,Industrials,541556,Construction,0.08294909529793625,0.018020922260697406,0.162,0.178,0.35346,0.27235,0.21254998
GESHIP.BO,The Great Eastern Shipping Company Limited,Industrials,500620,Services,0.08876895818894338,0.014300455365264477,0.713,31.354,0.6218,0.53551,0.34693
CERA.BO,Cera Sanitaryware Limited,Industrials,532443,Consumer Durables,0.09732404786107972,0.025617993276697008,-0.011,3.888,0.53382,0.16069001,0.1457
AMARAJABAT.BO,Amara Raja Batteries Limited,Industrials,500008,Automobile and Auto Components,0.0833321751663017,0.010786432579272637,0.832,2.016,0.31079,0.13354999,0.08601
KPIL.BO,Kalpataru Projects International Limited,Industrials,522287,Construction,0.11330964580844696,0.023442345491584016,0.678,82.632,0.2559,0.07824,0.0571
NCC.BO,NCC Limited,Industrials,500294,Construction,0.17187164243183478,0.028765509848602048,1.458,21.782,0.14987999,0.08653,0.05308
IRCON.BO,Ircon International Limited,Industrials,541956,Construction,0.11070899400613529,0.028489445303204936,0.716,30.225,0.09788,0.06523,0.063140005
INGERRAND.BO,Ingersoll-Rand (India) Limited,Industrials,500210,Capital Goods,0.09820719940110818,0.02454361940885464,-0.002,0.488,0.42589,0.24555,0.22102
KSB.BO,KSB Limited,Industrials,500249,Capital Goods,0.1050758591989254,0.026413340823100245,0.359,0.226,0.43928,0.13093,0.10288999
NBCC.BO,NBCC (India) Limited,Industrials,534309,Construction,0.1523775844949154,0.030453693003028647,1.227,0.021,0.085260004,0.03917,0.04601
PRAJIND.BO,Praj Industries Limited,Industrials,522205,Capital Goods,0.14132663710642082,0.0320037309861264,0.726,3.377,0.32424,0.094560005,0.07795
ENGINERSIN.BO,Engineers India Limited,Industrials,532178,Construction,0.11961631170537966,0.015093086431887816,0.809,1.069,0.16221,0.11896,0.114259996
COCHINSHIP.BO,Cochin Shipyard Limited,Industrials,540678,Capital Goods,0.1075713100001741,0.0191576173511671,0.584,12.892,0.35126,0.15867,0.17033
GRAPHITE.BO,Graphite India Limited,Industrials,509488,Capital Goods,0.16918238679442343,0.032549883346632426,1.232,6.299,0.45638,0.00765,-0.06179
LATENTVIEW.BO,Latent View Analytics Limited,Industrials,543398,Information Technology,0.09947355987294053,-0.007951030969772805,0.335,1.935,0.34396,0.22181,0.18275
ESABINDIA.BO,ESAB India Limited,Industrials,500133,Capital Goods,0.11564920550799695,0.028925816236841637,0.403,1.193,0.39214,0.19046,0.17202999
KNRCON.BO,KNR Constructions Limited,Industrials,532942,Construction,0.12164738042577389,0.03694914112431966,0.717,25.631,0.29048002,0.21726,0.18526
FINOLEXIND.BO,Finolex Industries Limited,Industrials,500940,Capital Goods,0.11786162358132497,0.01291486294809223,,,,,
HEG.BO,HEG Limited,Industrials,509631,Capital Goods,0.19328043395204203,0.036527466297272285,1.159,15.773,0.57736,0.20955,0.10318
SIS.BO,SIS Limited,Industrials,540673,Services,0.09688789869127683,0.006497260509964844,0.248,69.525,0.17146,0.041929998,0.033859998
QUESS.BO,Quess Corp Limited,Industrials,539978,Services,0.1404080754524014,0.010167119668280176,0.665,33.561,0.10366999,0.024419999,0.01978
MMTC.BO,MMTC Limited,Industrials,513377,Services,0.15039639370133154,0.015100700025478994,1.048,1.831,0.04472,-0.098900005,0.14812
GPPL.BO,Gujarat Pipavav Port Limited,Industrials,533248,Services,0.10958366775782694,0.014734214123967115,0.35,3.812,0.67831004,0.53692,0.48237
GMM.BO,GMM Pfaudler Limited,Industrials,505255,Capital Goods,0.13473304870307773,0.035152121286962365,,,,,
TCIEXP.BO,TCI Express Limited,Industrials,540212,Services,0.12052425437251509,0.025738392716523378,0.5,1.606,0.20844,0.15488,0.14292
NESCO.BO,Nesco Limited,Industrials,505355,Services,0.07960430823215726,0.01772497751531909,0.624,0.016,0.90002,0.68916,0.59435004
PNCINFRA.BO,PNC Infratech Limited,Industrials,539150,Construction,0.1327427630294135,0.022836026011187744,0.833,153.556,0.56573004,0.19568,0.18776
HLEGLAS.BO,HLE Glascoat Limited,Industrials,522215,Capital Goods,0.17221709367116483,0.0498606202215979,0.667,79.166,0.52555,0.13269,0.09089
TEAMLEASE.BO,TeamLease Services Limited,Industrials,539658,Services,0.10390575400294096,0.015711759132637476,0.309,13.422,0.03306,0.01217,0.00829
TCS.BO,Tata Consultancy Services Limited,Technology,532540,Information Technology,0.06296641564118313,0.01385383242763339,0.533,7.656,0.41362998,0.25536,0.24263
INFY.BO,Infosys Limited,Technology,500209,Information Technology,0.07414096616320547,0.01577765106068368,0.62,10.531,0.29929,0.23184,0.21195
HCLTECH.BO,HCL Technologies Limited,Technology,532281,Information Technology,0.07597765831275548,0.017524627880525823,0.631,8.651,0.36407003,0.20761,0.18481001
WIPRO.BO,Wipro Limited,Technology,507685,Information Technology,0.07121536373943195,0.009852331010394072,0.718,25.606,0.29553,0.18423,0.15228
LTIM.BO,LTIMindtree Limited,Technology,540005,Information Technology,0.09276846563162898,0.02910591032305932,0.596,9.639,0.27647,0.16858,0.1598
TECHM.BO,Tech Mahindra Limited,Technology,532755,Information Technology,0.08385663346460993,0.013645645788787252,0.585,9.733,0.31405002,0.11318,0.04716
PAYTM.BO,One97 Communications Limited,Technology,543396,Financial Services,0.15643496128527723,-0.027240651431267037,-0.481,1.561,0.20046,-0.11185,-0.16323
LTTS.BO,L&T Technology Services Limited,Technology,540115,Information Technology,0.10504463071017335,0.02725404009731888,0.435,11.451,0.42567003,0.20054,0.17075
TATAELXSI.BO,Tata Elxsi Limited,Technology,500408,Information Technology,0.13308512265992867,0.04101240121832143,0.798,11.32,0.40421,0.28834,0.27054
MPHASIS.BO,Mphasis Limited,Technology,526299,Information Technology,0.0898513438013408,0.021137125586645947,0.641,19.978,0.40764,0.16495001,0.15464
PERSISTENT.BO,Persistent Systems Limited,Technology,533179,Information Technology,0.11392686213814149,0.029915019283660627,0.678,12.558,0.28261998,0.16648,0.13713999
OFSS.BO,Oracle Financial Services Software Limited,Technology,532466,Information Technology,0.06656900923924453,0.007518347624270724,0.446,0.828,0.50077,0.41228,0.37322
COFORGE.BO,Coforge Limited,Technology,532541,Information Technology,0.1190479750682755,0.03114546321171162,0.648,35.282,0.37667,0.139,0.11585
KPITTECH.BO,KPIT Technologies Limited,Technology,542651,Information Technology,0.18369274864957744,0.06589493188239225,0.977,20.101,0.34175,0.17222,0.15998
DIXON.BO,Dixon Technologies (India) Limited,Technology,540699,Consumer Durables,0.13242656193200694,0.04199347133399745,0.357,40.612,0.09948,0.04217,0.03287
POWERINDIA.BO,Hitachi Energy India Limited,Technology,543187,Capital Goods,0.0996726802718805,0.04788599771808642,0.183,27.639,0.34993,0.05272,0.034879997
TANLA.BO,Tanla Platforms Limited,Technology,532790,Information Technology,0.23003302960238947,0.06875768754180077,1.707,4.528,0.22096,0.18986,0.17271
SONATSOFTW.BO,Sonata Software Limited,Technology,532221,Information Technology,0.1369490807266761,0.05152311525707729,0.978,34.941,0.15429,0.081520006,0.08574
TEJASNET.BO,Tejas Networks Limited,Technology,540595,Telecommunication,0.17237211125403612,0.027466475315921095,0.543,4.588,0.3652,-0.09665,-0.07251
HAPPSTMNDS.BO,Happiest Minds Technologies Limited,Technology,543227,Information Technology,0.13917268154451914,0.03370588529867507,0.068,,0.39936,0.21041,0.23209
BSOFT.BO,Birlasoft Limited,Technology,532400,Information Technology,0.1379877214192959,0.022150281566300146,0.757,3.145,0.39582002,0.10755,0.14173001
CAMS.BO,Computer Age Management Services Limited,Technology,543232,Financial Services,0.10461406012426024,0.02473663411851977,0.315,11.945,0.62895,0.40275002,0.38059
REDINGTON.BO,Redington Limited,Technology,532805,Services,0.11466419443097982,0.023595161798990787,0.862,45.91,0.05728,0.02345,0.0197
ZENSARTECH.BO,Zensar Technologies Limited,Technology,504067,Information Technology,0.13844942569551763,0.02915172384096034,0.822,7.473,0.20989001,0.14464,0.15659
ITI.BO,ITI Limited,Technology,523610,Telecommunication,0.172869701155112,0.03738140933188952,0.629,91.747,0.16680999,-0.09716,-0.26823
FSL.BO,Firstsource Solutions Limited,Technology,532809,Services,0.12867157637332735,0.02711445955366071,0.987,41.268,0.36630002,0.12639,0.106120005
HFCL.BO,HFCL Limited,Technology,500183,Telecommunication,0.17310854193398723,0.031406652327960145,0.908,25.853,0.27206,0.13261,0.113690004
INTELLECT.BO,Intellect Design Arena Limited,Technology,538835,Information Technology,0.18871287507128093,0.03797843135178211,1.256,1.988,0.48216,0.16520001,0.14236
MAPMYINDIA.BO,C. E. Info Systems Limited,Technology,543425,Information Technology,0.1041354981193586,0.01558625612563499,,4.218,0.61198,0.4125,0.40887
ECLERX.BO,eClerx Services Limited,Technology,532927,Services,0.12520387405727282,0.021394551013946925,1.094,10.876,0.38654,0.26086,0.24172
SWSOLAR.BO,Sterling and Wilson Renewable Energy Limited,Technology,542760,Construction,0.24584688425188525,0.020042553790079583,2.024,,-0.08671,-0.23603001,-0.0037099998
MASTEK.BO,Mastek Limited,Technology,523704,Information Technology,0.17123531223106178,0.039835449868897456,1.251,26.998,0.44948003,0.16886,0.13342
STLTECH.BO,Sterlite Technologies Limited,Technology,532374,Telecommunication,0.15842861671367953,0.02670989730881123,1.05,172.706,0.54242,0.14468001,0.08568
INFIBEAM.BO,Infibeam Avenues Limited,Technology,539807,Financial Services,0.16997552788111592,0.02494745995934426,0.748,0.313,0.09983,0.07062,0.06722
